year,round,position,n,mae,rmse,bias,median_abs_error,pct_within_5,pct_within_10
2026,1,Unknown,230,4.890732344804023,6.174708592440434,-0.6883473808398914,4.0113754515097835,58.69565217391305,89.56521739130436
2026,2,Unknown,413,4.143910838665856,5.145156823953085,0.4613085746656639,3.4290014139887646,68.03874092009686,94.18886198547214
2026,3,Unknown,320,4.073357442045424,5.275447350007129,-0.3084854585283665,3.4470311327948435,69.6875,94.6875
2026,4,Unknown,319,4.153413513712277,5.311397352603881,0.21960684076455264,3.3220114531989893,69.90595611285266,94.04388714733543
2026,5,Unknown,365,3.7424276100661937,4.73746593174676,0.47940639258413653,3.338054508287531,70.41095890410959,97.26027397260275
2026,6,Unknown,411,3.9838297021352265,5.057005649233693,0.17919904153986518,3.3735807267959395,71.28953771289538,95.1338199513382
2026,7,Unknown,410,4.037117581854393,5.138756592426616,-0.308587937491292,3.3516473749028073,68.53658536585367,94.6341463414634
2026,8,Unknown,411,4.133761165977439,5.248919065410179,-0.7467265597089513,3.4757509472586356,67.88321167883211,94.40389294403893
