round,year,n_players,mae,rmse,median_abs_error,bias,pct_within_5,pct_within_10,top_10_mae,bottom_10_mae
1,2026,230,4.890732344804023,6.174708592440434,4.0113754515097835,-0.6883473808398914,58.69565217391305,89.56521739130436,14.583877111160854,10.400615749671006
2,2026,413,4.143910838665856,5.145156823953085,3.4290014139887646,0.4613085746656639,68.03874092009686,94.18886198547214,9.516475687743956,10.152528982866855
3,2026,320,4.073357442045424,5.275447350007129,3.4470311327948435,-0.3084854585283665,69.6875,94.6875,11.696699341056405,10.460940818394093
4,2026,319,4.153413513712277,5.311397352603881,3.3220114531989893,0.21960684076455264,69.90595611285266,94.04388714733543,10.838816867828495,7.108035587591312
5,2026,365,3.7424276100661937,4.73746593174676,3.338054508287531,0.47940639258413653,70.41095890410959,97.26027397260275,8.82865014902131,9.047799027796266
6,2026,411,3.9838297021352265,5.057005649233693,3.3735807267959395,0.17919904153986518,71.28953771289538,95.1338199513382,9.600651713366442,7.091708745064902
7,2026,410,4.037117581854393,5.138756592426616,3.3516473749028073,-0.308587937491292,68.53658536585367,94.6341463414634,9.18539900713352,8.881007409549628
8,2026,411,4.133761165977439,5.248919065410179,3.4757509472586356,-0.7467265597089513,67.88321167883211,94.40389294403893,12.064593711189746,8.485780011740088
