round,year,n_players,mae,rmse,median_abs_error,bias,pct_within_5,pct_within_10,top_10_mae,bottom_10_mae
20,2026,361,3.919667590027701,5.0413800159652675,3.0,-0.4182825484764543,76.45429362880887,95.29085872576178,10.7,8.6
