year,round,position,n,mae,rmse,bias,median_abs_error,pct_within_5,pct_within_10
2026,14,Unknown,367,3.6321525885558583,4.759902913854315,-0.1553133514986376,3.0,76.83923705722071,95.64032697547684
2026,15,Unknown,322,3.857142857142857,4.830030284230509,-0.037267080745341616,3.0,76.3975155279503,96.8944099378882
