year,round,position,n,mae,rmse,bias,median_abs_error,pct_within_5,pct_within_10
2026,16,Unknown,322,3.981366459627329,5.415643317887899,-0.6211180124223602,3.0,75.77639751552795,95.03105590062113
