round,year,n_players,mae,rmse,median_abs_error,bias,pct_within_5,pct_within_10,top_10_mae,bottom_10_mae
18,2026,284,3.609154929577465,4.660668512768902,3.0,0.31338028169014087,78.52112676056338,97.88732394366197,7.5,7.5
