year,round,position,n,mae,rmse,bias,median_abs_error,pct_within_5,pct_within_10
2026,12,Unknown,412,3.9805825242718447,5.242655519219614,-0.1796116504854369,3.0,74.27184466019418,94.90291262135922
