year,round,position,n,mae,rmse,bias,median_abs_error,pct_within_5,pct_within_10
2026,18,Unknown,412,3.766990291262136,4.787220041752347,0.27184466019417475,3.0,77.9126213592233,97.33009708737865
