round,year,n_players,mae,rmse,median_abs_error,bias,pct_within_5,pct_within_10,top_10_mae,bottom_10_mae
11,2026,373,3.8257372654155497,5.006430181630307,3.0,0.13672922252010725,77.21179624664879,95.17426273458445,9.7,9.4
