year,round,position,n,mae,rmse,bias,median_abs_error,pct_within_5,pct_within_10
2026,1,Unknown,230,5.191337961385543,6.843216604751245,-3.3025064022387878,4.21345578351098,57.826086956521735,85.21739130434783
2026,2,Unknown,413,4.1983634659469775,5.294631703102268,-1.3443959818043987,3.6035110182800416,66.34382566585957,94.18886198547214
2026,3,Unknown,320,4.170232389599585,5.496510307987089,-1.3901638816301343,3.484723111312431,70.0,92.8125
2026,4,Unknown,319,4.118027131617987,5.340019428941044,-0.8970835304971886,3.2143922188992953,68.3385579937304,94.98432601880877
2026,5,Unknown,365,3.629571929681208,4.675622482560466,-0.6007609716491531,2.919597060796036,72.32876712328768,96.43835616438356
2026,6,Unknown,411,4.053961521959922,5.177629627268991,-0.7815156270945325,3.5039401096256846,68.61313868613139,95.1338199513382
2026,7,Unknown,410,4.137289794147478,5.271830663942004,-1.2651509102532192,3.168479559240911,65.85365853658537,93.41463414634147
2026,8,Unknown,411,4.244097847631491,5.480566967383068,-1.7227994351324671,3.4818953906482744,67.39659367396594,93.18734793187348
