round,year,n_players,mae,rmse,median_abs_error,bias,pct_within_5,pct_within_10,top_10_mae,bottom_10_mae
12,2026,412,3.9805825242718447,5.242655519219614,3.0,-0.1796116504854369,74.27184466019418,94.90291262135922,9.3,7.9
