round,year,n_players,mae,rmse,median_abs_error,bias,pct_within_5,pct_within_10,top_10_mae,bottom_10_mae
1,2026,230,5.191337961385543,6.843216604751245,4.21345578351098,-3.3025064022387878,57.826086956521735,85.21739130434783,17.06160421893097,7.455850057124982
2,2026,413,4.1983634659469775,5.294631703102268,3.6035110182800416,-1.3443959818043987,66.34382566585957,94.18886198547214,10.973634040382239,8.155722799634843
3,2026,320,4.170232389599585,5.496510307987089,3.484723111312431,-1.3901638816301343,70.0,92.8125,13.193418659476796,9.19621847731636
4,2026,319,4.118027131617987,5.340019428941044,3.2143922188992953,-0.8970835304971886,68.3385579937304,94.98432601880877,11.924190388320165,5.630885194839002
5,2026,365,3.629571929681208,4.675622482560466,2.919597060796036,-0.6007609716491531,72.32876712328768,96.43835616438356,10.079381441022658,6.729500924545829
6,2026,411,4.053961521959922,5.177629627268991,3.5039401096256846,-0.7815156270945325,68.61313868613139,95.1338199513382,10.713342343714892,6.343749242332832
7,2026,410,4.137289794147478,5.271830663942004,3.168479559240911,-1.2651509102532192,65.85365853658537,93.41463414634147,10.734546092513463,7.3896103501353725
8,2026,411,4.244097847631491,5.480566967383068,3.4818953906482744,-1.7227994351324671,67.39659367396594,93.18734793187348,13.423620944486094,7.356692707955565
