round,year,n_players,mae,rmse,median_abs_error,bias,pct_within_5,pct_within_10,top_10_mae,bottom_10_mae
19,2026,371,3.973045822102426,5.196411782931541,3.0,-0.1293800539083558,74.66307277628033,94.33962264150944,11.2,9.3
