year,round,position,n,mae,rmse,bias,median_abs_error,pct_within_5,pct_within_10
2026,11,Unknown,373,3.8257372654155497,5.006430181630307,0.13672922252010725,3.0,77.21179624664879,95.17426273458445
