round,year,n_players,mae,rmse,median_abs_error,bias,pct_within_5,pct_within_10,top_10_mae,bottom_10_mae
18,2026,412,3.766990291262136,4.787220041752347,3.0,0.27184466019417475,77.9126213592233,97.33009708737865,10.4,8.1
