round,year,n_players,mae,rmse,median_abs_error,bias,pct_within_5,pct_within_10,top_10_mae,bottom_10_mae
14,2026,367,3.6321525885558583,4.759902913854315,3.0,-0.1553133514986376,76.83923705722071,95.64032697547684,8.0,8.1
15,2026,322,3.857142857142857,4.830030284230509,3.0,-0.037267080745341616,76.3975155279503,96.8944099378882,8.5,8.0
